,정보,강의명,좋아요,정가,할인율,링크
0,온라인쇼핑몰・신사임당,"[명예의 TOP20] 스마트스토어로 월 100만원 만들기, 평범한 사람이 돈을 만드는 비법",34767,"199,000원",35%,https://class101.net/products/nE3Rka3C8quVUg6sJTXu
1,SNS/콘텐츠・노마드 그레이쓰,"[명예의 TOP20] 나만의 취미로 돈 버는 방법, 디지털 파일 판매의 모든 것!",17853,"199,000원",45%,https://class101.net/products/esw88imFlbeHxlWTxbVZ
2,사진/영상・슛뚜,[명예의 TOP20] 일상 유튜버 슛뚜의 감성을 그대로. 영화같은 브이로그 제작법,17120,"369,000원",50%,https://class101.net/products/gPjiSJfMSI6EN6C49vji
3,영상/디자인・존코바,[명예의 TOP20] 당신도 할 수 있다! 베테랑 실무자가 알려주는 모션그래픽의 모든 것,16269,"299,000원",50%,https://class101.net/products/euWprzr7oOp0CpidXfEF
4,SNS/콘텐츠・리뷰요정리남,[명예의 TOP20] 블로그 기초과정 ❘ 블로그로 하루 2시간 투자해서 직장인만큼 수익내기!,13312,"199,000원",35%,https://class101.net/products/vXcO1iZbdpyZoLH2Aq4S
5,영상/디자인・Yuzen,[명예의 TOP20] 색다른컬러연구소 유잰의 색 감각 키우기,13164,"305,477원",36%,https://class101.net/products/sp2L0a0rbvT0Po31dD8b
6,부동산/주식/재테크・타임퍼센트,"[명예의 TOP20] AI 자동 투자 봇 만들기, 노트북으로 월급을 두 배 불리는 법",11972,"590,500원",52%,https://class101.net/products/Xl3FzgGJCzgid7nsKIjE
7,사진/영상・MAZECT(마젝),[BEST 선물] 사진 입문자를 위한 쉽게 배우고 빨리 써먹는 사진과 라이트룸,11967,"369,000원",66%,https://class101.net/products/UvOvxfTqwBJ2Tcagydms
8,영상/디자인・큐리,[단 24시간] 이성과 감성을 넘나들다. 시선을 사로잡는 브랜드 디자인,11223,"369,000원",54%,https://class101.net/products/HqYy7CbUm1E7SdvvT1sh
9,창업・라이프해커 자청,"[명예의 TOP20] 16만 유튜버 자청의 자동수익 월 1,000만원 만드는 법",10946,"890,000원",43%,https://class101.net/products/tc4HO2QBtuOlHPYWUILG
10,영상/디자인・크리에이터 좐느,[BEST 선물] 크리에이터 좐느의 포토샵의 모든 것,10130,"279,000원",58%,https://class101.net/products/in1XXV65pI2HESEoqnxd
11,영상/디자인・디자이너 심소연,"[BEST 선물] 디자인부터 인쇄까지, 심소연의 실무 편집디자인",9435,"369,000원",55%,https://class101.net/products/pIGuQHV9wh2Np6ysnpfG
12,SNS/콘텐츠・노나메 / 김하나,"[단 24시간] 귀여운 낙서로 돈 버는 법, 캐릭터로 이모티콘 연금 만들기!",9222,"450,000원",47%,https://class101.net/products/pHIZchR7a0C5hMpVvnp5
13,사진/영상・안대훈,한 편의 뮤직비디오 같은 안대훈의 여행 영상 제작법,9084,"239,000원",22%,https://class101.net/products/g9VgKuoVdv2cOpQ65ffY
14,사진/영상・에디터 기은,에디터 기은과 함께 브이로그로 시작하는 영상편집,8946,"259,000원",44%,https://class101.net/products/9IzYm5VTMrBfctjYWXU8
15,사진/영상・류채우(류필),"일상을 동화처럼 표현하는 사진, 오직 아이폰으로만",8645,"279,000원",42%,https://class101.net/products/ZVx6m5fSPWQyOKEcGCpy
16,데이터/개발・뮤,[BEST 선물] 네이버 개발자 뮤와 함께하는 내인생 첫번째 앱 만들기,8372,"369,000원",64%,https://class101.net/products/lFw0O4E6KJPDPdhF192N
17,영상/디자인・로지킴 Rozy Kim,[명예의 TOP20] 작품에 다채로움을 더해 독창적인 나만의 아트워크만들기 '디지털아트워크',8282,"369,000원",54%,https://class101.net/products/HjGGNJEDjd3fL293k6SK
18,온라인쇼핑몰・로꾸미,[단 24시간] 월급으로 만족하지 못하는 분들을 위한 아마존/이베이 입문,8154,"301,400원",53%,https://class101.net/products/xC20zjTXOU1fhT12lrKj
19,온라인쇼핑몰・대학생 김머신,[명예의 TOP20] 18만유튜버 '대학생김머신'의 무엇이든 팔 수 있는 쇼핑몰 창업가이드,8010,"450,000원",43%,https://class101.net/products/AKwX4czUR18hIyk1A8gk
20,영상/디자인・박소영,[단 24시간] 모션그래픽 훈련! 소스 제작을 포함한 다양한 영상 만들어보기,7922,"369,000원",47%,https://class101.net/products/kyUf5Ly1YgfPp5KFcH8k
21,SNS/콘텐츠・이상한김팀장,"[단 24시간] 무자본 마케팅의 시작, 월 천만원 매출 올리는 블로그 마케팅 -최신로직",7792,"450,000원",45%,https://class101.net/products/LDsDoEsreKNcS6GUq3H1
22,부동산/주식/재테크・미국주식으로 부자되기-미주부,"[명예의 TOP20] 왕초보도 할 수 있는 미국주식 투자, 배당금으로 제2의 월급 만들기",7707,"199,000원",35%,https://class101.net/products/kl0DdlkkXGyssJdqUHeK
23,온라인쇼핑몰・온라인탑셀러,[명예의 TOP20] 무재고로 중국 구매 대행 사업/부업 시작하기,7531,"199,000원",35%,https://class101.net/products/fINpivvXH1bOjgCjJuRd
24,영상/디자인・캘리스마인드(캘마),[명예의 TOP20] 아이패드로 디자인 해볼래?,7309,"369,000원",47%,https://class101.net/products/ssvJ8xm8Hu9DNE80x37x
25,비즈니스/생산성・ㅔㅔㅅ,ㅔㅔㅅ의 파워포인트 연구소에서 함께 PPT에 입덕해요!,6977,"299,000원",43%,https://class101.net/products/BlnwTeEnkx9NmBamnvWe
26,영상/디자인・존코바,"[명예의 TOP20] 더 심화된 모션그래픽, 영상에 전문가처럼 디테일 더하기",6844,"369,000원",39%,https://class101.net/products/tk9ZcndBfpAWMkcSuln9
27,부동산/주식/재테크・송사무장,[명예의 TOP20] 평범한 삶을 벗어나 부자의 길로 탈출하는 송사무장의 부동산 투자 노하우,6700,"199,000원",35%,https://class101.net/products/daxSCmVcskQEKjGoU1tm
28,사진/영상・이모씨,"[시크릿 선물] 순간을 더 아름답게, 진한 감성을 담는 사진&라이트룸 보정법",6390,"299,000원",66%,https://class101.net/products/mymV170llgVBrYDub1ak
29,사진/영상・김메주,순간을 기록하는 새로운 방법. 영상 제작의 A to Z,6346,"309,000원",41%,https://class101.net/products/kimmejoo
30,사진/영상・경훈,스마트폰으로 만들어내는 사진의 모든 것,6289,"309,000원",39%,https://class101.net/products/xD5JZliYfNJ9PoGXcmPq
31,영상/디자인・수목원,"생각을 구조화하고 디자인하다, 포스터를 만들면서 배우는 그래픽 디자인",6262,"279,000원",42%,https://class101.net/products/ssGP6ZXVXpT4Ia2A7vEC
32,영상/디자인・두이,[명예의 TOP20] 차근차근 배우는 포토샵 툴과 디자인,6213,"369,000원",55%,https://class101.net/products/byRtfggXtco39daV97UD
33,영상/디자인・디자이너 지인,[명예의 TOP20] 재미있게 핵심만 쏙쏙! 포토샵 x 일러스트 디자인 클래스,5947,"309,000원",41%,https://class101.net/products/5RcUZlcjCDVulejewYvU
34,영상/디자인・사이,움직임을 통해 메세지를 전달하는 모션 그래픽,5939,"269,000원",41%,https://class101.net/products/Jc2kteYpGUvjZR5QT3GS
35,영상/디자인・달범이,[BEST 선물] 달범과 함께 블렌더 툴로 만드는 귀여운 3D 친구들,5917,"299,000원",60%,https://class101.net/products/yDF06KBZ1b3uHbXwHOD2
36,영상/디자인・송호종,[단 24시간] Adobe 디자인 트렌드에 소개된 디자이너와 그래픽 아트웍 스킬업하기,5884,"369,000원",45%,https://class101.net/products/H6bWZcmBudR2rdQ5qQik
37,사진/영상・정멜멜,[명예의 TOP20] 사진가 정멜멜의 가까워지고 멀어지며 나의 세계 편집하기,5700,"369,000원",49%,https://class101.net/products/0qfjBwNLop9bhoAQqfkg
38,사진/영상・23iii,"[BEST 선물] 아날로그 감성, 영화 퀄리티로 완성하는 브이로그와 뮤비 제작",5424,"309,000원",61%,https://class101.net/products/VCgFENneJ7RgkELnBnlv
39,부동산/주식/재테크・거상쌤,"[BEST 선물] 20대,30대를 위한 내 집 마련의 첫걸음,부동산 공부는 빠를수록 좋다",5415,"199,000원",45%,https://class101.net/products/qHydQ5APqqT0vWR77tlO
40,영상/디자인・제이슨,"제이슨과 함께, 포토샵으로 만드는 나만의 판타지 세상",5387,"249,000원",43%,https://class101.net/products/kl030syt2F2bLPRu1e61
41,사진/영상・디어무이,"[명예의 TOP20] 감성 스타일리스트가 알려주는 영상 촬영, 연출, 그리고 편집",5350,"309,000원",38%,https://class101.net/products/KSsPGW9m9IxJ0kk231zp
42,SNS/콘텐츠・칙스토리 김종영,자영업자를 위한 매출로 이어지는 인스타그램 마케팅,5255,"284,300원",46%,https://class101.net/products/BXeLjjdAgueyv0WawptA
43,영상/디자인・수수진(프로젝트158),[시크릿 선물] 수수진과 함께 애플 기본프로그램으로 도전하는 독립출판,5061,"259,000원",71%,https://class101.net/products/LxSD3pdSvmGoSu3Vk1oi
44,사진/영상・빨간토마토,60만 유튜버가 알려주는 가장 쉬운 유튜브 입문기!,5054,"239,000원",41%,https://class101.net/products/Il2RFiQmUiDhv3d2UkEk
45,영상/디자인・Doyo(도요),레이어에 담아낸 상상. 크리에이터 Doyo의 포토샵 콜라주,5016,"369,000원",48%,https://class101.net/products/GYNoNXozQchWXMvggPmH
46,사진/영상・슛뚜,"[MINI] 핸드폰으로 만드는 영상, 소중한 시간의 기록",5021,"99,000원",30%,https://class101.net/products/O2asKF8nf1ioggNtAAI0
47,사진/영상・이퀄리,[BEST 선물] 여행을 영화처럼 기록하는 이퀄리의 영상 제작법,4878,"369,000원",74%,https://class101.net/products/1bdaTqNQzKtTM0XbV8h3
48,영상/디자인・RYU Russell 러셀,[명예의 TOP20] 러셀과 함께 언리얼 엔진으로 나만의 가상 세계 만들기,4754,"309,000원",32%,https://class101.net/products/vTjLq98ER90iEgEn5XXf
49,부동산/주식/재테크・클래스101,Class101 Money+,4728,"369,000원",47%,https://class101.net/products/67eVVPmUAmAvg9k13tOz
50,영상/디자인・휘핑,휘핑의 모션그래픽 꿈나무를 위한 애프터이펙트의 기초,4706,"315,000원",24%,https://class101.net/products/NsCdQi8TezSVzUP7rcOA
51,SNS/콘텐츠・영국사는 레이디노마드,평범한 사람이 월세만큼 버는 감성 다이어리 속지 만들기,4498,"299,000원",46%,https://class101.net/products/KPPdqrZv7ZQ6CrDU0VVa
52,비즈니스/생산성・박신영,[명예의 TOP20] 박신영의 기획하다-기획이 막막한 사람을 위한 기획입문,4480,"199,000원",35%,https://class101.net/products/pqQNWaOfSVq6RVNAkylI
53,SNS/콘텐츠・드로우앤드류,"[명예의 TOP20] 좋아하는 일로 인플루언서가 되고 싶다면, 인스타그램 퍼스널 브랜딩",4348,"318,400원",41%,https://class101.net/products/BjkCb7AJ62j1x7nZ0yaM
54,온라인쇼핑몰・단아쌤,"월 100만원 수익! 아이디어스, 스마트스토어에서 월급 외 수익 벌기",4344,"450,000원",48%,https://class101.net/products/xjBeoGTGberc8nWWGECs
55,영상/디자인・SNL STUDIO,"[명예의 TOP20] 건축 디자인 All-in-One 클래스, 건축 모델링 부터 렌더링 포토샵 까지 한방에!",4176,"309,000원",38%,https://class101.net/products/ZR3MP6PWrpCFJDy32E7H
56,사진/영상・kyung6film,[명예의 TOP20] 금손남친 경식스가 알려주는 스마트폰 하나로 영상 만들기,3986,"369,000원",62%,https://class101.net/products/ZRiazWXyvpkNodI7CuZg
57,사진/영상・지니포토,[BEST 선물] 지니스타일과 함께 나만의 시선을 간직한 사진 만들기,3905,"599,300원",45%,https://class101.net/products/vf0p7rSkXBbo21MyEsdz
58,부동산/주식/재테크・젊은부자마을 유비,[BEST 선물] 뜬구름 잡지 않는 부동산 경매 투자법! 월급쟁이 부자는 없다.,3807,"277,595원",38%,https://class101.net/products/G5d5eWqidj6YeThpjftd
59,사진/영상・미쿠니스튜디오,포토그래퍼에게 배우는 카메라 그리고 사진,3748,"449,500원",25%,https://class101.net/products/rhJUJohUOndwfwuuBQ1r
60,영상/디자인・Yuzen,[명예의 TOP20] 색다른컬러연구소 유잰에게 배우는 배색 노하우!,3749,"199,000원",35%,https://class101.net/products/jV9VgrbL81PsJ4kkGZnc
61,부동산/주식/재테크・알머리 제이슨,"[명예의 TOP20] 주식투자, 운도 감도 아닌 학습입니다",3679,"189,000원",37%,https://class101.net/products/t4Hd40M9hjRMGLsBFL4H
62,SNS/콘텐츠・민아몬드,[명예의 TOP20] 무료 디자인 툴로 시작하는 엣시(Etsy) 디지털 파일 판매 A to Z,3663,"501,000원",33%,https://class101.net/products/nyULkfIF1oH6kPNAPSLE
63,영상/디자인・클래스101,[BIG 2] 모션그래픽 입문편. 기초부터 애니메이션까지,3659,"189,000원",31%,https://class101.net/products/m3ig53oKWBbIFhwmAZPj
64,온라인쇼핑몰・집콕클래스 앨리슨,"엣시에서 디지털 초대장 자동 판매하기, 자면서 돈 버는 방법!",3550,"230,200원",48%,https://class101.net/products/6JEEdjUieqshYeSb7ALy
65,비즈니스/생산성・짤막한 강좌,실무자를 위한 바로 써먹는 쉽고 빠른 엑셀,3513,"259,000원",42%,https://class101.net/products/RO7THQA5Y4eF4iHmdvPd
66,영상/디자인・뽀디리,"또 다른 첫 인상, 일러스트레이터로 셀프 브랜딩 시작하기",3475,"269,000원",42%,https://class101.net/products/D6vBhksZUOT8Y6e9PNsL
67,사진/영상・다솜,휴대폰 하나면 충분해요! 인생사진 기록하는 방법,3423,"279,000원",17%,https://class101.net/products/c5qJVyfBVDctQVy3P4BV
68,창업・머니해커,"자동으로 돈을 버는 프로그램 만들기, 머니해킹",3433,"298,500원",44%,https://class101.net/products/2cHsOhvp6DX1P6T0lvNU
69,글쓰기/콘텐츠・김도현,8년차 에디터에게 배우는 '잘 팔리는' 콘텐츠 제작법,3411,"279,000원",40%,https://class101.net/products/o1WpOzKm5AbRRMUOnRUd
70,영상/디자인・E3,취향을 듬뿍 담은 나만의 팔레트 아트워크 만들어봐요,3405,"199,000원",35%,https://class101.net/products/4gI0jHeyJPdXx88t5mlz
71,데이터/개발・잔재미코딩,[명예의 TOP20] 파이썬 풀패키지와 자동화 프로그램 만들기!,3381,"352,500원",38%,https://class101.net/products/xYzEJ7cXkumFGexsdAI6
72,SNS/콘텐츠・효샤,내가 그린 캐릭터로 브랜드 시작하기! 굿즈부터 사업화까지,3346,"391,000원",60%,https://class101.net/products/uKiVg18hblAXS4uxZMKK
73,영상/디자인・ZESSTYPE(제스타입),[BEST 선물] 글자에 인상을 담아내는 한글 레터링 클래스,3267,"309,000원",44%,https://class101.net/products/ljrEzV2Yg9qgDqpbsjsm
74,영상/디자인・포그보우,"[단 24시간] 나의 첫 굿즈 사업, 일상 사진으로 만드는 굿즈 브랜드",3205,"299,000원",43%,https://class101.net/products/DtxzbUtxBNp3GDm1tAhj
75,사진/영상・스케르잔도,"연출, 촬영, 보정까지! 스케르잔도의 매혹적인 인물 사진의 모든 것",3189,"189,000원",26%,https://class101.net/products/Idked3GspVvyysnTTtKw
76,SNS/콘텐츠・방구석투잡러 조야,[명예의 TOP20] 하루 10분 일하고 월 200 꾸준히 버는 PDF 전자책 부업 시작하기,3158,"330,000원",40%,https://class101.net/products/zyzx4oWNJw7KtzrI1QuA
77,영상/디자인・글자동경,디자이너를 위한 타이포그래피 완전정복 - 레터링,3142,"480,000원",46%,https://class101.net/products/4RX4csQU4doVjpZ7xm2Y
78,커리어/기타・표창원,표창원 프로파일링 클래스,3108,"369,000원",51%,https://class101.net/products/7FVmZW619IUBtp7aLFVE
79,영상/디자인・레이첼 (Rachel),"[BEST 선물] YG, SM디자이너에게 배우는 엔터테인먼트 디자인과 비주얼디렉팅",3064,"369,000원",47%,https://class101.net/products/v4DDTPyI5vwh6vawSJe2
80,영상/디자인・WOOK_DDD,[명예의 TOP20] 사진보다 더 진짜 같은 3D 렌더링 (Keyshot 9),3038,"301,100원",44%,https://class101.net/products/zeRwvHdzx0D3YsoLvPQ9
81,영상/디자인・이재웅,현직 뮤비 감독에게 배우는 감각적인 영상 제작법,3033,"229,000원",43%,https://class101.net/products/KTBt7HdSIC2e8m5LUC6U
82,사진/영상・후지필름연남점,"후지필름과 함께, 미러리스 카메라 100% 활용하기!",2975,"331,700원",40%,https://class101.net/products/kTUcYL8AFSDBuC7m25T7
83,온라인쇼핑몰・미돌남 - 미싱 돌리는 남자,"내가 만든 수공예품, 굿즈, 디지털 파일 판매로 엣시에서 돈 버는 법!",2964,"199,000원",35%,https://class101.net/products/HOEqb85vLfEvGxEXlepL
84,비즈니스/생산성・생각정리스킬 복주환,"[명예의 TOP20] 일 잘하는 사람들의 생각법, 복주환의 생각 정리 스킬",2850,"572,400원",34%,https://class101.net/products/8NQRWkNWm4ifIMuk9Qph
85,영상/디자인・tOBEY,아트토이로 창조하는 나만의 캐릭터,2842,"309,000원",32%,https://class101.net/products/tobey-arttoy
86,영상/디자인・레블디자인,"[명예의 TOP20] 극강의 리얼리즘 구현, Cinema 4D+Octane 3D 입문클래스",2832,"199,000원",35%,https://class101.net/products/po0RnlDQqjZmSqf6Qs11
87,SNS/콘텐츠・진문,[명예의 TOP20] 판타지 웹 소설 작가 되어 ‘내 글’로 돈 벌어보기,2769,"209,000원",38%,https://class101.net/products/snM41CNvsKuNsqjyz4EO
88,영상/디자인・리터치봄,"[명예의 TOP20] [프리셋 10종 증정] 누구나 배우면 가능한 완벽한 인물 보정, 취미부터 수익까지 내보세요",2750,"179,000원",22%,https://class101.net/products/heQl6vZQkkWeSkrDhsuf
89,SNS/콘텐츠・가을자락,연금처럼 차곡차곡 수입이 쌓이는 스톡사진 시작하기,2738,"281,900원",29%,https://class101.net/products/goGqTm0oudZOWk4NT3ZW
90,SNS/콘텐츠・김로웰,[명예의 TOP20] PPT 디자인 부업으로 월 300만 원 벌기,2713,"369,000원",51%,https://class101.net/products/BEs4zGb3nC7GoNhvFlYd
91,영상/디자인・PUSH THE LEVER,[BEST 선물] 세계 3대 디자인 어워드 수상자와 함께하는 디자인 기초 체력 기르기,2678,"342,300원",39%,https://class101.net/products/GtJm7RdUZhwXTjb0PcrX
92,SNS/콘텐츠・이은지(은짜언니),"내 재능을 이용한 디지털 파일, 문서로 자동화 수입 만들기!",2629,"342,500원",45%,https://class101.net/products/mVAFyZcEnDTSLDVylpsF
93,사진/영상・필름로그 film+log,"필름생활 입문, 업사이클 카메라 만들기부터 촬영까지",2597,"299,000원",41%,https://class101.net/products/QLetHEPZjwp8p71v3Qn9
94,영상/디자인・김연디,실무 디자이너가 알려주는 어필 잘되는 포트폴리오 만들기,2616,"369,000원",46%,https://class101.net/products/QDqvqF6BSmfpBZ7ks0EN
95,영상/디자인・JHN STUDIO(정훈남),정스와 함께 내 손으로 직접 만드는 귀여운 픽셀아트 세계,2607,"309,000원",41%,https://class101.net/products/gv6EaDQHgJSGPDw0jEbO
96,영상/디자인・위드로고,[명예의 TOP20] 부업으로 로고디자이너로 활동하기! (월 100만원 프로젝트),2553,"369,000원",47%,https://class101.net/products/MeUQLCfFwuzKxXkU2e91
97,사진/영상・Doyou.fim(두유필름),일상을 특별하게 만드는 마법! 사진 & 라이트룸 보정법,2539,"309,200원",42%,https://class101.net/products/vPWR1yAalIMN5MC3UX2z
98,부동산/주식/재테크・제제미미,하고싶은 일을 하며 살아보세요. 월급은 에어비앤비가 대신 벌어드립니다!,2490,"259,000원",26%,https://class101.net/products/mRgjHj1pMoitkBEgwrbY
99,사진/영상・양품생활,[명예의 TOP20] 양품생활의 유튜브 100만 조회수 리뷰영상 제작의 비밀,2487,"269,000원",41%,https://class101.net/products/1KmyRi1nhrSqdMYIs4VN
100,영상/디자인・홍마루,스파인으로 나의 그림에 생명을 불어넣어요!,2405,"398,300원",38%,https://class101.net/products/gFa0KoITX15Z0ISIuPjP
101,SNS/콘텐츠・몰랑이 작가,몰랑이 작가에게 배우는 잘 팔리는 캐릭터 디자인 & 캐릭터 매뉴얼 제작법,2361,"309,000원",35%,https://class101.net/products/1IjkPkchXqXW6YfofbB1
102,창업・커픽처스,"[BEST 선물] 취미부터 창업까지, 카페 음료는 '커픽처스'에게 쉽고 꼼꼼하게 배우세요.",2229,"309,000원",35%,https://class101.net/products/yNr1JKLAIOSfH2qKFDMQ
103,영상/디자인・전성재 디자이너,"3D 포스터와 레터링 등, 그래픽 디자이너를 위한 시네마 4D #그디시포디",2234,"199,000원",35%,https://class101.net/products/W7BUgJbuJDbuLWAv4arf
104,SNS/콘텐츠・윤우맘,"무자본 인스타 마켓 창업, 좋아하는 일 하며 돈 버는 법!",2205,"239,000원",33%,https://class101.net/products/k18sYqFPhzGrIvyLUmfa
105,SNS/콘텐츠・직장탈출 David,[명예의 TOP20] [PPT로 월 850만 원] 입문자를 위한 실전 시크릿 공개,2186,"318,400원",41%,https://class101.net/products/8NTUxCwCa3jf3NVbFQ6Z
106,부동산/주식/재테크・카인드쌤,"직장다니며 내 집 없이 월세 받아보자, 오토로 운영하는 쉐어하우스 창업",2178,"280,000원",21%,https://class101.net/products/W3c5CNsjC6WDyMAU5Le3
107,부동산/주식/재테크・닥터퀀트,"코딩 없이 주식 자동매매하기, 평범한 사람이 시장을 이기는 방법",2185,"582,700원",42%,https://class101.net/products/j2cqasKulOEI8EtcgWmd
108,온라인쇼핑몰・마브사끼,"[명예의 TOP20] 마브사끼의 상품 하나로 스마트스토어 월 1,000만원 만들기",2125,"299,000원",43%,https://class101.net/products/0GavpYVoznvU9tUjttee
109,비즈니스/생산성・피도리,보노보노는 이제 그만! 피도리의 실전 PPT,2124,"318,400원",41%,https://class101.net/products/iOrNWtvuwwhv3JSzkTiV
110,비즈니스/생산성・Chris,내일 당장 실무에 써먹는 상위 1% 광고인의 PPT 신공,2099,"525,000원",32%,https://class101.net/products/7jF8JRyFP6XXl1tzS2UQ
111,SNS/콘텐츠・리뷰요정리남,"[명예의 TOP20] 블로그 심화과정 ❘ 블로그로 월 1,000만 원까지 버는 핵심 비법!",2095,"309,000원",37%,https://class101.net/products/SwUgMr0MDAPXSPgLsD01
112,영상/디자인・momographic,[명예의 TOP20] 건축/인테리어 실무에서 쓰이는 스케치업 (모델링/렌더링) 마스터 과정,2077,"249,000원",48%,https://class101.net/products/0khf0PHxnnbi5xHQc7G8
113,영상/디자인・스튜디오 다솔,[명예의 TOP20] 확실한 인포그래픽으로 클라이언트가 만족하는 작업물 만드는 브랜딩 디자인,2058,"199,000원",35%,https://class101.net/products/NB5dmmMr9nmuTX3aCVJi
114,SNS/콘텐츠・1프로마케터 서동민,쿠팡 파트너스와 제휴 마케팅으로 집에서 월 200만 원 부수익 만들기,2054,"219,900원",27%,https://class101.net/products/QlSYza1dgzP9IwaPmP2Q
115,부동산/주식/재테크・소수몽키,[명예의 TOP20] 소수몽키와 함께하는 미국주식 입문 클래스(A to Z),2021,"369,000원",41%,https://class101.net/products/ahZk6lmlzJqhUhdPzjxm
116,영상/디자인・스튜디오 지니크,[명예의 TOP20] 드로잉부터 패턴디자인까지 포토샵 하나로 올킬!,2013,"299,000원",46%,https://class101.net/products/oA1xFQg36RVNHDBPhiUH
117,영상/디자인・파트오엘,[명예의 TOP20] 내 취향대로 그려내는 아기자기 3D 아트워크를 컴맹도 할 수 있는 C4D 실습으로 입문하기,2008,"299,000원",57%,https://class101.net/products/PqxdYHXMc1QCkCvGEBku
118,영상/디자인・김현중,"[BEST 선물] 새로운 영상의 시작, 모션그래픽 따라잡기",1996,"369,600원",36%,https://class101.net/products/2wZYbPw18D09mJevngmg
119,글쓰기/콘텐츠・작가 이윤영(글쓰는한량),20년차 방송작가의 '글 쓰는 게 만만해지는 하루 10분 메모 글쓰기',2006,"199,000원",35%,https://class101.net/products/bcmkBxBBWG7dqfBZ9iUt
120,영상/디자인・홍석희(킹홍),IT 주니어를 위한 실전 UX 디자인 개론,1985,"199,000원",35%,https://class101.net/products/w4kR4oRmasTTisdiOi02
121,SNS/콘텐츠・다퍼주는남자,[명예의 TOP20] 누구나 할수 있는 네이버 블로그 체험단 수익 1억 현실화 하기,1947,"718,000원",59%,https://class101.net/products/hoLSB5FdepaYtLrm6zZw
122,글쓰기/콘텐츠・김규삼,"김규삼의 닮고 싶은, 담고 싶은 웹툰 원고 제작 기법",1925,"249,000원",64%,https://class101.net/products/Jy2hS46y2K6
123,사진/영상・앤돌핀,"[BEST 선물] 홀연히 경이롭게, 일상을 여행처럼. 힐링 사진 촬영과 라이트룸 보정",1901,"309,000원",38%,https://class101.net/products/j7A6xY1GmMXNwsMLh6Jz
124,영상/디자인・SNL STUDIO,[명예의 TOP20] 건축 디자인을 위한 첫걸음 오토캐드! 건축 디자이너에게 배우는 캐드 도면 드로잉,1882,"297,400원",44%,https://class101.net/products/bsIL14Gpj2bZ0lG0Bz2o
125,데이터/개발・그랩,"개발자가 되고 싶은 당신을 위해, 개발자가 되는 로드맵 A to Z",1872,"302,100원",47%,https://class101.net/products/aq9m4o2jJgjqfi7AFILm
126,창업・이학림 디자이너,[BEST 선물] 나만의 철학이 담긴 패션 브랜드 런칭하기 A to Z,1859,"199,000원",30%,https://class101.net/products/nuoIiwtPPmyhVZRN2ABV
127,온라인쇼핑몰・글로벌셀러 레아,"쇼피, Qoo10 탄탄하게 준비하기! 동남아와 일본 역직구 온라인 창업",1845,"318,400원",41%,https://class101.net/products/G4bSyvLzuiOMViUHmsAc
128,비즈니스/생산성・김마라,실무에 바로 쓰는 일잘러의 보고서 작성법,1808,"284,300원",46%,https://class101.net/products/LrY28Z9enaqKCnkBdKQz
129,비즈니스/생산성・투마일러(2miler),POWER BI로 배우는 데이터 시각화,1763,"324,000원",35%,https://class101.net/products/ga97C7ufv4RdSiAQeS5j
130,사진/영상・신혜림,"느림의 미학, 사진작가 신혜림의 필름 사진",1737,"269,000원",46%,https://class101.net/products/SYPDsePsHeum6cr0ded4
131,비즈니스/생산성・피피티프로젝트,"[명예의 TOP20] 12만유튜버 피피티프로젝트! 평생, 단 하나의 PPT 강의",1743,"249,000원",28%,https://class101.net/products/bkI6wZjAHcxoWC4aOy0M
132,부동산/주식/재테크・부동산읽어주는남자,"똑똑한 부동산 투자 방법, 내 집 마련으로 안정적인 삶까지 한 번에!",1687,"398,000원",34%,https://class101.net/products/iE1dNfJsdt0q8AFJ1XpH
133,온라인쇼핑몰・장문정,한 시간 210억 파는 장문정의 당장 돈되는 상품언어 마케팅,1678,"199,000원",35%,https://class101.net/products/20wWVPynXYH3Bl6r97sY
134,부동산/주식/재테크・절대수익 이재웅,"처음 하는 주식 투자, 연 20% 수익 내는 법",1668,"309,000원",43%,https://class101.net/products/9qhpATqcUDcaOHrep6AY
135,영상/디자인・오른수리,"[명예의 TOP20] 나의 색을 표현하는 건축 아트웍, 오른수리의 포스트 디지털 건축일러스트",1669,"309,000원",37%,https://class101.net/products/iH14OxiL9C31VENgANQs
136,영상/디자인・제성원 디자이너,TV에 나오는 모션그래픽은 누가 만드는걸까? 현직 방송디자이너의 모션그래픽,1660,"199,000원",35%,https://class101.net/products/yRB9cKNka4SlPJVhQD6c
137,글쓰기/콘텐츠・밑줄 긋는 카피라이터 이유미,29CM 헤드카피라이터 출신 이유미의 팔지않아도 사게 만드는 카피라이팅,1652,"369,000원",24%,https://class101.net/products/pffl5xVYhyP2vJTeowKg
138,창업・머니해커,"머니해킹 심화 - 한 달 만에 5가지 자동 수익 시스템 만들기, IT사업 마스터",1654,"461,000원",33%,https://class101.net/products/1iaqYuOWPJAN69tbwctR
139,영상/디자인・클래스101,[BIG 2] 남들과는 다른 유니크한 디지털 작업물,1644,"369,600원",36%,https://class101.net/products/dkmnTNB0w3ufqxvydkqq
140,온라인쇼핑몰・온도남,내 스마트스토어 상품을 해외에 파는 법 : 쇼피파이로 매일 2시간 투자해서 수익 불리기!,1628,"299,000원",44%,https://class101.net/products/pf5MCuQ1lKwzRcAlKWT9
141,사진/영상・빨간토마토,"월1,000버는 유튜브 채널 키우기(오직 스마트폰으로)",1618,"199,000원",35%,https://class101.net/products/jCgxsKPiRN9m7OvOir7A
142,온라인쇼핑몰・글로벌 탑셀러,[명예의 TOP20] 이베이 10년차 탑셀러에게 배우는 해외판 스마트스토어!,1599,"169,000원",47%,https://class101.net/products/mK9mAfPGPKbSkT4ROTNq
143,비즈니스/생산성・잘리,"엑셀, ""잘""하는 직장인의 ""리""얼 비법!",1587,"398,400원",40%,https://class101.net/products/2lBCODLFYI7gJkyAKNEN
144,SNS/콘텐츠・구스마일,"연봉 1억 유튜버가 도와주는 유튜버 되는 지름길,채널생성부터 수익화까지!",1562,"649,000원",37%,https://class101.net/products/UnwUN7uIbCynOCajdipU
145,온라인쇼핑몰・클래스101,"[BIG 2] 스마트스토어 기초부터, 온라인쇼핑몰창업 단계별 완벽가이드!",1566,"199,000원",35%,https://class101.net/products/pEJqoPNMRixO2XrvF5rN
146,온라인쇼핑몰・무역공주,무역공주 서이랑과 함께하는 알리바바로 40억 벌기,1560,"179,000원",22%,https://class101.net/products/6Us6lRjSGtRZ29LEQUgN
147,SNS/콘텐츠・원더로이,"하루 2시간 월 100만원, PDF 전자책으로 24시간 돈 버는 재택 부업",1559,"318,000원",41%,https://class101.net/products/5ZM6PJSd31Wkbpg2G6W7
148,창업・興하게 도와드리는 흥소장,'브랜드'적으로 사업계획서 쓰는 비결! (+디자인씽킹 +브랜드컨셉 +마케팅 까지),1528,"309,000원",32%,https://class101.net/products/JSuU0LhLMQK9KSzIz1JK
149,영상/디자인・로지킴 Rozy Kim,로지킴의 나만의 움직이는 아트워크 만들기 심화클래스,1515,"318,400원",41%,https://class101.net/products/bxPvcEcbVC2rW9hQujYy
150,SNS/콘텐츠・단아쌤,"무자본, 무재고! 하루 30분 쿠팡 파트너스 등 제휴 마케팅으로 돈 버는 법",1510,"309,000원",39%,https://class101.net/products/CN4cRcW2pvlRyb85RpeP
151,사진/영상・에디터 기은,에디터 기은과 함께 아이패드 '루마퓨전'으로 쉽고 간단하게 나만의 영상 만들기,1499,"309,000원",33%,https://class101.net/products/1pPOoYfn7zUvo3XvJcEr
152,영상/디자인・켄지,포토샵하나로 아트워크에서 브랜딩디자인 까지,1498,"450,000원",43%,https://class101.net/products/dgcMHbY1voFDU9vCeEsX
153,창업・홍석천,홍석천의 실패를 줄이는 my 외식업 스토리,1500,"179,000원",11%,https://class101.net/products/037DDA02CE5BE521
154,글쓰기/콘텐츠・나은,"요즘 작가가 알려 주는 요즘 대본, 공모전 시나리오 완성하기",1491,"369,000원",48%,https://class101.net/products/DPoZd4DROSlUcNxYSVlx
155,영상/디자인・Force Team Task,"액자 속 움직이는 세상, 증강현실 포스터 만들어보기",1473,"348,300원",38%,https://class101.net/products/pqsfRN5VmSz5v8LbUaST
156,비즈니스/생산성・코스모지나,회사없이 프리랜서로 자신의 커리어와 수익을 성장시키는 방법!,1469,"273,700원",48%,https://class101.net/products/TcLEui8KyV9EaYnMiKDK
157,창업・윤정용,사장님이여 회계하라! 자영업자가 생존하는 회계 시스템 만들기,1450,"258,000원",24%,https://class101.net/products/k3KP0Kh69A8iWMTihVuZ
158,영상/디자인・루움,Framer X로 나를 표현하는 인터렉티브 포트폴리오 웹사이트 만들기,1420,"129,000원",46%,https://class101.net/products/4kAJt4fDMrVeiNPnJ966
159,영상/디자인・이나랑,"이모티콘 작가가 알려주는 누구나 단, 3시간만에 이모티콘/스티커 완성하기",1423,"690,000원",60%,https://class101.net/products/lr9bPDzdMjqmv8rn4yMu
160,영상/디자인・김종관,영화 <조제> 감독 김종관이 직접 알려주는 영상 제작 클래스,1416,"269,000원",43%,https://class101.net/products/zRhHZc5JwFkJgcafCJiY
161,영상/디자인・박창선,[PRO시리즈] 두 번 일하지 않는 디자이너의 커뮤니케이션,1408,"328,700원",40%,https://class101.net/products/MPQ79EBeIeyx7qdkzmmr
162,부동산/주식/재테크・쉐어마스터,"스마트스토어보다 쉬운, 내 집 없이 원격 쉐어하우스로 월세 200만 원 받기",1408,"199,000원",35%,https://class101.net/products/p4twM02W81uWdC5vAKrn
163,커리어/기타・감통코치,하루 10분 보이스 코칭! 전직 기상캐스터의 목소리 교정 클래스,1397,"426,100원",55%,https://class101.net/products/pucWCh3gdO6ADMgYpNNY
164,영상/디자인・S4E,[준비물 무료] [S4E]케이크토퍼 & 시트지커팅 _10년차 전문강사가 알려주는 기초 탄탄 + 고급 디자인,1402,"323,000원",36%,https://class101.net/products/pu6vt4j5zbkwarzJQKJS
165,비즈니스/생산성・문성후 박사,회사에서 살아남는 직장인의 ‘말하기’,1383,"189,000원",31%,https://class101.net/products/B3Bh7MBnOxPKNXx9p7zB
166,SNS/콘텐츠・북마녀,[명예의 TOP20] 잘 팔리는 여성향 웹소설 쓰기! 작가 실전 트레이닝,1378,"568,000원",32%,https://class101.net/products/w4aPU5t9U4eaCr0vrL5l
167,SNS/콘텐츠・클래스101,[BIG 2] 리남의 블로그 수익화 기초부터 심화까지!,1365,"335,500원",39%,https://class101.net/products/8RE27P6k8mKWT7yvBnyE
168,창업・조니티비,"나만의 의류 브랜드! 디자인부터 유통, 마케팅까지",1357,"259,000원",23%,https://class101.net/products/x46N7k3Czm28tD70c3Xb
169,부동산/주식/재테크・프로그램 동산,"[BEST 선물] 주식 자동화 코딩을 실전투자로 재밌게 배우기, 왕초보부터 고수까지",1347,"199,000원",35%,https://class101.net/products/GNNMfyIfdxmlByRtMbdI
170,데이터/개발・잔재미코딩,파이썬과 SQL로 배우는 데이터 분석 입문 풀패키지!,1331,"436,000원",46%,https://class101.net/products/frsqaRHmeWDTZwvy0yBt
171,영상/디자인・클래스101,"[BIG 2] 더 완벽한 디자인을 향해, 포스터 제작과 레터링",1325,"249,000원",32%,https://class101.net/products/4Nol3zelnQNn6UC3Dxx7
172,온라인쇼핑몰・향기TV,레드오션 쇼핑몰 시장에서 살아남기! 블루오션 시장 찾는 방법,1314,"369,000원",37%,https://class101.net/products/Q0hMx8kzjfSUoL5Iijam
173,영상/디자인・뱃지만드는 뱃수,"특별한 핀뱃지 디자인, 3cm 안에 가장 빛나는 가치를 담다.",1281,"199,000원",22%,https://class101.net/products/DgbCgaxDs4n4KaD9P3EN
174,온라인쇼핑몰・스튜디오 콩크리트,쇼핑몰과 SNS를 위한 제품 촬영 : 연출부터 상세페이지까지,1270,"292,800원",45%,https://class101.net/products/DZpP1fzSjtL57kY1dQl0
175,비즈니스/생산성・채자영 X 위즈덤하우스,"1,000억원 수주 받은 비밀! 스토리텔링 프레젠테이션의 모든 것",1264,"649,000원",53%,https://class101.net/products/gLzuv4GnEcYAJymXLZrz
176,부동산/주식/재테크・클래스101,"[BIG 2] 주식투자, 제대로 공부하고 자동주식매매까지 한 번에 끝내기",1256,"229,000원",34%,https://class101.net/products/eVf4jIVS1t5rreErJKKf
177,온라인쇼핑몰・쇼피셀러 글렌,"[명예의 TOP20] 6억 인구가 몰려있는 쇼피, 지금 바로 시작하기!",1253,"309,000원",58%,https://class101.net/products/ZQh656roDLZnsLSmxhWs
178,영상/디자인・애니메이터 남,[BEST 선물] 마야로 만드는 피규어 스타일 3D 캐릭터,1243,"199,000원",25%,https://class101.net/products/EQSsaPauoSmWnPoDP7ld
179,창업・화장품일타,화장품 소자본 창업하기! 창업 시간과 비용을 아껴드립니다.,1216,"229,000원",21%,https://class101.net/products/l3SxzjiSe3AnA6ilD1h0
180,글쓰기/콘텐츠・편집자K,"문학동네 편집팀장, 편집자K와 함께하는 출판 편집 실무",1185,500원,79%,https://class101.net/products/UBNMsXOO8ZXMUXwRwDOu
181,사진/영상・SAMSUNG,[101원] 갤럭시 탭 S7/S7+로 여행 영상 편집하기!,1185,"229,000원",34%,https://class101.net/products/cRfhyRrJQPbRq1er28pX
182,온라인쇼핑몰・유창한대표,[BEST 선물] 초보도 천만 원 매출 낼 수 있는 쿠팡 마켓플레이스,1162,"309,000원",54%,https://class101.net/products/E9jfiX9nAaq5ZwGjOJLY
183,영상/디자인・레트로캣,"[BEST 선물] 점으로 만든 세상, 픽셀아트의 세계로 초대합니다",1166,"648,000원",29%,https://class101.net/products/z1BZTzJF8figBHGV5qT3
184,창업・클래스101,[BIG 2] 머니해커의 자동으로 돈 버는 프로그램 입문부터 심화까지!,1162,"149,000원",6%,https://class101.net/products/FBbWo8jN3bQctLfDZRPJ
185,영상/디자인・정주,프로뮤비 감독이 알려주는 누구나 할 수 있는 비주얼디렉팅과 영상 입문 하는 법,1165,"199,000원",35%,https://class101.net/products/BJ6jqqbdjjWP097BqV3H
186,SNS/콘텐츠・진용진,구독자 192만 진용진이 알려드립니다. 현실적인 유튜브 수익창출 방법!,1155,"422,900원",32%,https://class101.net/products/1RosxvekE3qFVmvibOFp
187,글쓰기/콘텐츠・JM Studio Live,SM엔터테인먼트 전속 작곡가가 알려주는 프로 작곡가가 되는 법,1151,"331,700원",40%,https://class101.net/products/UukNd9aO7PoDgEPS8bux
188,부동산/주식/재테크・대한팀장,스타트업 투자로 재테크하라! 10배 수익 내는 비상장 주식 투자,1129,"239,000원",33%,https://class101.net/products/SdJYB9PEhta0J80zc2WC
189,창업・레깅스장인 송연주,"[명예의 TOP20] 1,800만원 창업 13억 매출 - 소자본 창업 기술",1122,"279,000원",32%,https://class101.net/products/hZG3Mclh6BamJIDoSU95
190,영상/디자인・띵준이,당신의 상상을 현실로! 블렌더로 시작하는 3D 배경 디자인,1111,"309,000원",41%,https://class101.net/products/Nl3FICmR5yj9gDBY3JHt
191,영상/디자인・바닐라픽셀,"[명예의 TOP20] 3D 캐릭터 크리에이션 클래스, 블렌더로 시작하기",1112,"369,600원",36%,https://class101.net/products/eoRWV33KBKEx8hJwX0mI
192,부동산/주식/재테크・친절한 성 기자,"친절한 성 기자에게 배우는 재테크, 6개월 만에 천만 원 만드는 법!",1111,"299,000원",36%,https://class101.net/products/DNm9e65tB7fmFQ78cOPz
193,영상/디자인・제이슨,상상이 현실이 되는 세상 포토샵 판타지 아트,1096,"289,000원",34%,https://class101.net/products/nvvjAvh2facn37DVO611
194,영상/디자인・디어퍼,"수강생 합격 후기 다수! 진짜 실무 인쇄, 패키지 디자인",1099,"279,000원",28%,https://class101.net/products/GQDTG8Byxbv1DDSdWgpu
195,영상/디자인・셈프레블루,웹툰 배경 제작의 필수! 스케치업 첫걸음,1079,"199,000원",20%,https://class101.net/products/F6xgvoP9kluwjSvpHkV5
196,창업・수공예창업 오드랩,"행복한 취미로 월 200만원 버는 방법, 수공예 투잡 도전하기",1066,"299,000원",38%,https://class101.net/products/fBcuqxuLShuEZXVFNfHV
197,사진/영상・제이님,"[Mac 영상 편집] 파이널 컷 프로 A to Z, 완벽 마스터 하기",1067,"199,000원",35%,https://class101.net/products/7JmAC5aPtrZXccuLDagK
198,영상/디자인・줄리엣킴,"크리에이터 & 사업자를 위한 셀프 디자인 (로고, 명함, 포스터, 스티커)",1054,"199,000원",24%,https://class101.net/products/cozHiLlSR7XXYl40dtWo
199,온라인쇼핑몰・디지털노마드EJ,"글로벌 셀러의 Etsy 엣시 스토어 이상한 마케팅, 그리고 운영 비법",1042,"407,000원",35%,https://class101.net/products/xLhiDKT5DfsMTqUIRIQj
200,영상/디자인・클래스101,[BIG 2] 실무에 바로 활용하는 레터링 입문 코스,1037,"369,000원",48%,https://class101.net/products/tdb4Mr314ClaXf5mUEa7
201,영상/디자인・진수,"감정과 분위기를 담아내는 영상편집, 손쉽게 시작하는 모션그래픽",1032,"249,000원",32%,https://class101.net/products/ip5pCi98QQFFAUjwWuWq
202,영상/디자인・WOOK_DDD,[명예의 TOP20] 원리를 알아야 실무가 보인다! 가장 쉽고 빠른 제품 3D 모델링(Rhino6),1025,"699,300원",45%,https://class101.net/products/X02G2UW01H6yt5pcHEi4
203,창업・레나,"네일아트 기초부터 창업까지, 레나의 네일 인생 길라잡이",1024,"352,500원",38%,https://class101.net/products/it09WToirhHle4VvH7VB
204,온라인쇼핑몰・히든셀러,"온라인 스토어 사업화, 초보 티를 벗어나 연 매출 10억 이상으로!",1017,"199,000원",35%,https://class101.net/products/MgIGaBM7jsRJI60Vqrq4
205,부동산/주식/재테크・우루사,고시텔 사업으로 건물 없이 월세 받기: 부동산 규제 없는 경제적 자유,997,"599,300원",50%,https://class101.net/products/bM6mHt511x3FAaF5d1bH
206,부동산/주식/재테크・소사장소피아,"[BEST 선물] 여러분들의 재테크 목표 달성, 10년을 앞당겨 드리겠습니다.",1001,"369,000원",62%,https://class101.net/products/OYIe1e00fBassOK74AMi
207,영상/디자인・마자린,"[시크릿 선물] 한 손에 쏙, 마음에 쏙. 지브러쉬로 완성하는 나만의 작은 인형!",989,"299,000원",36%,https://class101.net/products/gF22nCgUNsOTfwwSumfM
208,영상/디자인・스튜디오 펀데이,설계부터 시작하는 개성있는 타이포그래피 디자인,982,"248,000원",30%,https://class101.net/products/vrDkUoBda59pQ5uGX9ex
209,온라인쇼핑몰・내일연구소,지금보다 월 200만원 더 버는 '기적의 구매대행 노하우' 저자 직강,958,"374,328원",55%,https://class101.net/products/PH5YxomvF2NSVkCxvJO2
210,사진/영상・오중석,[BEST 선물] 대한민국 TOP 포토그래퍼 오중석의 사진 클래스,958,"380,200원",25%,https://class101.net/products/xkz1FFYOkUuWbZABsBLW
211,부동산/주식/재테크・시그니처투자,"글로벌 주식 투자 - 앞서가는 부자가 되는, 가장 효율적 방법",957,"668,000원",40%,https://class101.net/products/21dRCpThkpSbj6i7nyRK
212,영상/디자인・클래스101,"[BIG 2] 모션그래픽, 기초부터 심화과정까지 한번에 끝내기",943,"199,000원",35%,https://class101.net/products/eV1cXGkcxuZxaEPoihfp
213,창업・정찬영,"장사와 사업을 꿈꾸거나, 종사하는 사람에게 벌어지는 꼭 필요한 공식",942,"299,000원",26%,https://class101.net/products/7G7DoY730RGV6hfVGaI1
214,영상/디자인・호야초,현직 10년차 디자이너의 블렌더로 완성하는 3D 애니메이션,928,"269,000원",40%,https://class101.net/products/DnBwkpXT4J3iLHOiTcV8
215,사진/영상・체리퀸,10분 촬영하고 30분 편집하면 끝! 스마트폰 하나로 돈 되는 영상 만들기,930,"369,000원",43%,https://class101.net/products/dJjAfNZnxXUEq2APCerk
216,사진/영상・Mild.moon,빛이라는 물감으로 쉽고 다양하게 찍는 인물사진,902,"1,009,450원",25%,https://class101.net/products/xfU3oNHopkT8lRpuJ3rP
217,영상/디자인・클래스101,"[성공하기] 팀플에서 성공하기 - ppt, 포토샵, 일러를 한방에!",904,"199,000원",35%,https://class101.net/products/aFZpdDCfagdyKCftRslL
218,데이터/개발・코딩하는거니,"코딩하는거니의 문과 감성 실용 파이썬, 나의 첫 프로그래밍!",883,"259,000원",34%,https://class101.net/products/XwNFvAxss1icQQS2I1RQ
219,영상/디자인・HYPER STUDIO,"3D 게임 제작에서 사용하는 가상 환경, 사진 찍어서 직접 만들어 보세요",872,"199,000원",35%,https://class101.net/products/zER07XgAd3qkOxl3x1oA
220,부동산/주식/재테크・당근자판기,한 달에 100만 원 추가로 모이는 가계부 쓰기,867,"342,800원",38%,https://class101.net/products/9Pr1wfBLzT482gLlgynR
221,영상/디자인・Sui & Jerry,글꼴의 맛 : 한글 디자인 마스터,860,"129,000원",46%,https://class101.net/products/tzYia7G0IlcT9AvPm4qk
222,비즈니스/생산성・공여사들,직장인이 진짜 쓰는 엑셀 엑기스,857,"395,100원",26%,https://class101.net/products/NEn5qd66nEHaVpqznY3J
223,사진/영상・고연희,"돈 되는 음식 사진, 소박한 집밥과 스마트폰만 있으면 가능해요",856,"2,500,000원",12%,https://class101.net/products/t1pETv1i8PrgbNun0SkG
224,데이터/개발・한큐,[취업 연계] 커리어 코스 - 한큐 프로의 JAVA 웹 개발자 양성 과정,852,"299,000원",36%,https://class101.net/products/w4gydjJ2YeNIAERcLnsx
225,사진/영상・이리앨,"예능 느낌 편집, 누구나 편집자만큼 할 수 있어요. 핫한 유튜브, 인스타, 틱톡 영상 편집법",837,"259,000원",34%,https://class101.net/products/tM1lCXRFBFkAdY7VFIDv
226,영상/디자인・연하늘,10년차 현업 디자이너가 알려주는 스케치업/엔스케이프로 건축/인테리어 3D 렌더링 끝내기,836,"209,000원",23%,https://class101.net/products/xhv7XkRONwxI5r7lHDpG
227,부동산/주식/재테크・돈이되는투자 정주용,[명예의 TOP20] 알면 알수록 득이 되는 기초 중국 주식 전략,836,"530,000원",38%,https://class101.net/products/tdm1WqIrRk03LVRSbr5x
228,사진/영상・클래스101,"[꿀조합 할인🍯] 사진 기본기 잡기. 기초이론, 촬영, 구도, 라이트룸 보정까지",833,"249,000원",36%,https://class101.net/products/RJEXl4YKuxwGTpjeqO5p
229,영상/디자인・김신영,현직 일러스트레이터가 직접 알려주는 나만의 상상력을 구현하는 모션 그래픽,819,"309,000원",25%,https://class101.net/products/zQzL4YfRU9b3TXH9XIaC
230,영상/디자인・해밀,얼굴 없는 유튜버가 되어보자! 애니메이션 툴 활용하여 영상 제작하기,810,"229,000원",34%,https://class101.net/products/s3Fce0m08mg5tbofkqtt
231,부동산/주식/재테크・스페이스매터,건축가 부부의 나에게 맞는 집짓기,809,"189,000원",26%,https://class101.net/products/ByhIvObQacUKvTHCorCN
232,부동산/주식/재테크・족장,월급 대신 월세 받는 삶! 족장에게 배우는 부동산 투자 10년 노하우,815,"369,000원",45%,https://class101.net/products/2LBNjOdkf1Ip7Fsvv8CA
233,사진/영상・JAY(제이),여행 크리에이터 JAY의 촬영&편집부터 인스타그램 마케팅까지,805,"199,000원",35%,https://class101.net/products/pQn6bzuH6tuGn2LSzMbv
234,커리어/기타・엄폴,라떼아트 세계 챔피언 엄폴의 실전 라떼 아트!,790,"199,000원",20%,https://class101.net/products/C2UBUEJ7zSDQbDlIBNu6
235,글쓰기/콘텐츠・김소미 기자,<씨네21> 영화 기자가 알려주는 ‘리뷰의 모든 것’,790,"1,089,000원",41%,https://class101.net/products/DiyaOKpLFulcHhiRncVt
236,온라인쇼핑몰・클래스101,[BIG 2] 신사임당과 자청의 사업을 위한 모든 노하우!,786,"370,400원",27%,https://class101.net/products/E21mobiLp1r9BUcEJ5P4
237,SNS/콘텐츠・디노마스티브,하루 1시간 딱 한 번 배워 평생 써먹는 블로그 운영 법 월 300만 원 만들기,780,500원,79%,https://class101.net/products/h5FwB3mlXd9Z0zwMMQtt
238,사진/영상・서울디자인재단,[101원] 필름 카메라 놀이터 DDP를 101% 즐기는 법,770,"199,000원",55%,https://class101.net/products/09GSRFWW1luDeCYF8BnH
239,데이터/개발・연구소장,세상에서 제일 쉬운 파이썬 101,764,"269,000원",38%,https://class101.net/products/Dip9O8ikht5Yhdc2C1FQ
240,비즈니스/생산성・ㅔㅔㅅ,"""PPT도 예술이다"" ㅔㅔㅅ처럼 간지나는 PPT 만들기",762,"350,400원",24%,https://class101.net/products/91FMLCGFFHVX0nQMXCgT
241,부동산/주식/재테크・경제적 자유를 찾아서,"[명예의 TOP20] 돈으로 돈을 버는 달러 투자, 잃지 않는 안전한 투자입니다.",766,"239,000원",16%,https://class101.net/products/dXuXpvNQyGbYAQbJ1xsa
242,창업・노마드,정답은 세계에 있다! 글로벌 제휴 마케팅으로 대기업 연봉 받기,754,"759,000원",31%,https://class101.net/products/M7QbyoAue23dUEutSPtn
243,데이터/개발・코딩티처 지니,비전공자를 위한 나만의 안드로이드 앱 만들기,746,"179,000원",28%,https://class101.net/products/oU5yNXIHjzpmyJsyeIMI
244,온라인쇼핑몰・엄필승,무재고 컴퓨터 1대로 시작! 대량 등록 위탁판매 온라인 창업,739,"199,000원",35%,https://class101.net/products/0OJpXesBG3iQhxwNhSf0
245,영상/디자인・프리츠,타이포그래피 마스터! 인디자인으로 완성하는 타이포그래피 심화,744,"309,000원",32%,https://class101.net/products/GS1VqoUoZnvdC6jWt3oP
246,사진/영상・사진가 김보하,40년 경력 포토그래퍼가 알려주는 < 초/중급자를 위한 사진 라이팅 테크닉 클래스 >,727,"503,000원",46%,https://class101.net/products/DF0TjwMIB6h9ETJPuuiw
247,사진/영상・클래스101,[꿀조합 할인🍯] 기억보다 더 선명한 추억. 영화같은 여행 영상 완벽 입문,729,"199,000원",35%,https://class101.net/products/BBAGfAX6K3qnx7INpnq1
248,창업・창플,망하지 않는 창업! 예비창업자를 위한 내 가게 준비의 모든 것,719,"199,000원",40%,https://class101.net/products/PYMT6APnZ0Tsbc4cMZly
249,데이터/개발・개발자 사관학교,"[BEST 선물] [웹 개발자 단과반 1교시] HTML, CSS, JS 프론트엔드 속성 실무!",724,"249,000원",28%,https://class101.net/products/W6lee7luBzX7r7zcSQOR
250,창업・론대디,따라 하기만 해도 누.구.나 할 수 있는 아마존 FBA #소자본#자동수익#온라인1인창업,706,"398,000원",40%,https://class101.net/products/o3WP5urs1fYj91DV3XY0
251,온라인쇼핑몰・클래스101,[BIG 2] 스마트스토어를 활용한 중국 구매 대행 완벽 가이드!,713,"199,000원",35%,https://class101.net/products/ZxkcTVAjAy7u9DIerc7g
252,글쓰기/콘텐츠・기성준 작가,매년 1권의 출판으로 먹고 살기! 기성준 작가의 책 쓰기 코칭,705,"370,400원",22%,https://class101.net/products/eMfNar2ZR6IOsr68dZkE
253,데이터/개발・토마토,"화이트햇 해킹, IT 취준생과 현직 개발자를 위한 웹 해킹 입문!",699,500원,79%,https://class101.net/products/bS0ca4DEOjqJF82AR4jo
254,비즈니스/생산성・로켓펀치,"[101원] 사무실 없는 회사, 로켓펀치가 알려주는 원격 근무 잘 하는 법",699,"279,000원",39%,https://class101.net/products/PHsGy7fQNVA3br9YHo2m
255,영상/디자인・심우재,실속! 실무! 건축/인테리어를 위한 스케치업 V-RAY 렌더링 마스터,699,"199,000원",35%,https://class101.net/products/wPu76qt8487qi1ItCR1E
256,부동산/주식/재테크・임성배,"분양 물량이 밀려온다! 평범한 사람들의 재테크, 청약 준비하기",688,"210,000원",33%,https://class101.net/products/B84vroykY9vgJsgxGTjU
257,부동산/주식/재테크・미주은,천만뷰 유튜버 미주은과 함께 분석하는 4차산업혁명 최고의 성장주 TOP35,680,"318,400원",41%,https://class101.net/products/yvivFBDvXqRYaZfawhdK
258,비즈니스/생산성・애자일 코치 김창준,대화는 과학이다! 김창준의 정보 수집 대화법,677,"209,000원",43%,https://class101.net/products/40IGJqtd1tgYzAPXoDNu
259,영상/디자인・정영호,경쟁력 있는 UI/UX 디자이너의 핵심 역량! 디자인 시스템 구축하기,658,"422,900원",32%,https://class101.net/products/sSzCszj1znoZXtkowFFh
260,영상/디자인・김휘근필름,"독보적인 1인 제작 시스템 , 김휘근 감독의 ""영화 제작 클래스""",655,"269,000원",38%,https://class101.net/products/cuFGsH09TMtTXc1LoBjJ
261,영상/디자인・라이노오티비,집에서 캐드로 주얼리그리기!,647,"239,000원",29%,https://class101.net/products/xniHtuYTSxiLSI8VM047
262,비즈니스/생산성・김지원 아나운서,"KBS 합격을 만든 1분 자기소개, 김지원이 알려주는 자소서부터 면접까지!",641,"372,300원",22%,https://class101.net/products/SWbBkMrglkJFdvwvxydw
263,부동산/주식/재테크・하우스티칭,"2030 내 집 마련을 위한 부동산 포트폴리오, 태유정의 하우스티칭!",644,"199,000원",29%,https://class101.net/products/AYrAD4ISUccARLyFtv7b
264,SNS/콘텐츠・대학생 김머신,"팔릴 수 밖에 없는 글쓰기, 내 가치를 열 배 이상으로 불리는 방법",638,"369,000원",67%,https://class101.net/products/OjfEAu1JAF2d0QObi7Ys
265,사진/영상・서향록,"[BEST 선물] 영화의 한 장면처럼 여행과 일상을 기록하는 방법, 영상에세이 제작 클래스",633,"1,009,400원",38%,https://class101.net/products/wbYObi3GG4c18uCO0AHh
266,부동산/주식/재테크・단희쌤,"임대 소득을 만들어 확실하게 은퇴, 노후를 준비하는 부동산 재테크!",603,"584,000원",36%,https://class101.net/products/FkUfSf8TM1WSZf1VxuZ5
267,사진/영상・클래스101,[꿀조합 할인🍯] 일상 더 생생히 기록하기. 사진부터 일상 브이로그 제작까지,592,"272,700원",36%,https://class101.net/products/GYXBiXyx15jYtUP4yopM
268,영상/디자인・하리온,영상 디자이너와 함께하는 쉽고 특별한 영상 디자인 클래스,585,"187,000원",29%,https://class101.net/products/FLZYimDPbIYbQNjXbBL7
269,SNS/콘텐츠・이프리덤,네이버 블로그 키워 월 200만원 버는 가장 현실적인 방법,581,"269,000원",38%,https://class101.net/products/Y43DsSESpZQd3wUA9s16
270,영상/디자인・씨지,움직이는 아기자기한 물건! C4D로 3D 일러스트 GIF 애니메이션 만들기,583,"189,000원",31%,https://class101.net/products/XQ1PLHaessyXIf4KDU8W
271,온라인쇼핑몰・케이존,"한국인 아마존 셀러들을 위한, 아마존 FBA 창업 실전 강의",584,"279,000원",37%,https://class101.net/products/D49lZMhChAFpYXhGAlZg
272,영상/디자인・지미,왕초보 PPT디자인 날개달기,564,"239,000원",29%,https://class101.net/products/58iPACwz5VPA7qT2m3mq
273,SNS/콘텐츠・1억치트키,"강의 경험 없어도, 온라인 강의로 월 200만원 자동 수익 만드는 법",560,"229,000원",34%,https://class101.net/products/cYAJTwQC0Ace1fyriyzB
274,데이터/개발・커니,"[비전공자도 OK] 구글 엔지니어가 알려주는, 용돈 벌어주는 나만의 앱 만들어보기",548,"372,300원",22%,https://class101.net/products/ivyFm4s7ct39qsUa8Nf3
275,비즈니스/생산성・노가다헌터,엑셀에 날개를 달다.,548,"418,000원",24%,https://class101.net/products/ycTlAkNpT4yijPQEARNQ
276,부동산/주식/재테크・클래스101,[BIG 2] 왕초보도 미국 주식 전문가 되는 법! 미주부와 소수몽키 꿀조합!,540,"510,000원",44%,https://class101.net/products/uxCgXIUsk2uOkYBrtA70
277,사진/영상・클래스101,[꿀조합 할인🍯] 여행 더 생생히 기록하기. 사진부터 여행 영상 제작까지,536,"199,000원",20%,https://class101.net/products/ttTKmprbjejs6zycgPGs
278,영상/디자인・아르카도,유니티 엔진으로 배우는 3D 게임 이펙트 디자인 입문!,522,"199,000원",35%,https://class101.net/products/suWmiRVU7556OZJeVpGK
279,부동산/주식/재테크・현민쌤,현민쌤의 부동산 경매! 알고 투자할 것인가? 모르고 투자할 것인가?,515,"309,000원",33%,https://class101.net/products/qxi8YndiWKOmLD3smv45
280,영상/디자인・위드로고,"아름다운 한글을 다양하게 표현하는 방법, 21가지 한글 로고 정복하기",521,"209,000원",19%,https://class101.net/products/dxG5XmE9YruQoLAURBbE
281,어학/외국어・제인,통번역대학원 가지 않고 시작하는 중국어 번역 입문,515,"309,000원",58%,https://class101.net/products/tKJPgW4YjTBCAMKjkt49
282,사진/영상・23iii,[시크릿 선물] 캠코더 질감 그대로! 스마트폰 DIY캠코더 촬영 레트로 브이로그,514,"199,000원",23%,https://class101.net/products/HPoBfmcU9IrUCClAil9y
283,부동산/주식/재테크・이엔티,"잃지 않는 매매, 가능할까? 보수적인 투자 방법에 대한 클래스",510,"238,700원",20%,https://class101.net/products/3gKaNMDL5cbK5yrsjGjl
284,창업・아워타임투게더,언택트 디저트 창업! 온라인 카페 사장님 되는 법,496,"149,000원",29%,https://class101.net/products/uEBzVly2IVJ2CEx4sDQr
285,부동산/주식/재테크・지병근세무사,더 이상 어렵지 않다! 확 바뀐 부동산세제 제대로 알기,498,"213,000원",58%,https://class101.net/products/bdR7LQXYc6yhJ9ZqqvuL
286,데이터/개발・몰입코딩,15년 차 웹 개발자가 제대로 알려주는 웹 코딩 입문!,493,"239,000원",29%,https://class101.net/products/9131eDgx0mdOAt8VKlPC
287,영상/디자인・스튜디오 밀덴,가구 디자이너가 알려주는 아이패드 프로크리에이트 가구 드로잉,493,"499,000원",40%,https://class101.net/products/OI02USjs6DI6Txt2qSyA
288,커리어/기타・아트스테이지1992,국내 최대 메이크업 아티스트 배출 기관의 원장 직강! 메이크업 국가 자격증 클래스,489,"249,000원",36%,https://class101.net/products/QDnu5PUZtAXYRivB7nyK
289,영상/디자인・리틱,누구보다 멋지게 프리미어 프로로 완성하는 키네틱 타이포그래피,479,"259,000원",19%,https://class101.net/products/b825KYR2aDBIzN6UqDQX
290,부동산/주식/재테크・소수몽키,"[매매 템플릿 제공] 소수몽키의 투자비법! 3가지 시그널로 수익 늘리고, 손실 줄이기",464,"445,000원",30%,https://class101.net/products/zaswQi8tonzayH30fpDq
291,비즈니스/생산성・노아노마드 에듀,[BEST 선물] SNS 디지털 퍼포먼스 마케팅 기초부터 심화까지!,467,"369,000원",49%,https://class101.net/products/O4G4vT1ExR6r5yu5Et8H
292,사진/영상・김수민필름,셀프 육아 영상 만들기! 휴대폰으로 만드는 영화 같은 육아 영상,459,"299,400원",29%,https://class101.net/products/jdYQD7pxu5I0Xaz0lHG7
293,사진/영상・포토그래퍼 석근,"사진을 업그레이드 시키는 ‘빛’, 15년차 프로 포토그래퍼가 알려주는 '사진 조명'",453,"199,000원",25%,https://class101.net/products/JLbu8j0XQqKXMK0baclT
294,부동산/주식/재테크・전인구경제연구소,워렌버핏 주식투자법으로 적정주가 찾기,454,"349,000원",30%,https://class101.net/products/53kP4NfqpcRdAM6p2BVq
295,온라인쇼핑몰・동비,"[명예의 TOP20] 상위 1%를 위한 스마트스토어 교과서, 상위 노출 및 매출 상승 전략",449,"398,000원",35%,https://class101.net/products/O7SGv57YJ6mzaQerZjaS
296,온라인쇼핑몰・클래스101,[BIG 2] 부업을 시작한다면? 스마트스토어와 수익형 블로그 입문,439,"649,000원",43%,https://class101.net/products/M3B4riuoaFvXyXZwyYeQ
297,온라인쇼핑몰・클래스101,"[BIG 2] 스마트스토어 기초부터, 매출 극대화까지!",434,"331,700원",40%,https://class101.net/products/URMNvlJS0IwJtQ5xtKML
298,창업・장사 권프로,동네 장사로 살아남기 위한 특별한 전략!,436,"199,000원",30%,https://class101.net/products/pwwRVAbXAZHvkYohgAyH
299,데이터/개발・Normaltic,노말틱의 해킹 침투 테스트 입문,441,"203,000원",21%,https://class101.net/products/ysovxMyT45Uc7BJf18An
300,부동산/주식/재테크・장영한,"단 2개의 지표로 배우는, 절대 잃지 않는 주식 투자 비법!",435,"194,000원",26%,https://class101.net/products/tyMQDrtQpP8M56H4Le5k
301,부동산/주식/재테크・멘탈이 전부다,"미국 주식, 멘탈이 전부다! 안정적인 주식 투자 마인드 세팅법",436,"229,000원",26%,https://class101.net/products/euQLyhEAZaDB3APwPIhp
302,글쓰기/콘텐츠・danke,"빅히트, SM, JYP 작사가가 알려주는 프로 작사가가 되는 법",433,"618,000원",37%,https://class101.net/products/TT1DKr6LyDmXeOxGtxFB
303,영상/디자인・클래스101,"[단 24시간] 3D 이거면 끝, WOOK_DDD의 모델링&렌더링 완벽하게 마스터하기",415,"199,000원",45%,https://class101.net/products/V359rV7CZbuiWwRUeihl
304,비즈니스/생산성・감통코치,발표 두려움을 설렘으로 바꾸는 스피치 처방전,418,"239,000원",29%,https://class101.net/products/4rb9WsmLEP9s9aXtlwIo
305,영상/디자인・스케치유나,"디자이너의 아이패드 활용법, 아이디어 스케치",419,"320,400원",26%,https://class101.net/products/z1g4Oml6tr0o7OaCL7iy
306,온라인쇼핑몰・물주 하사장,"마진20%에 만족하지 마세요! 물주 하사장의 20년 노하우, 물건 잘사는 법!",421,"299,000원",56%,https://class101.net/products/NXXY8aOwhSLbHb77NFul
307,글쓰기/콘텐츠・아공작가,"0원으로 정식출간, 펀딩으로 선매출 100만원 내기",415,"149,000원",27%,https://class101.net/products/8SjXSUUIkx8jcS3C9rkS
308,부동산/주식/재테크・상승효과,10억 만들어 월급쟁이 은퇴하기! 반드시 부자되는 4단계 투자공식,404,"199,000원",35%,https://class101.net/products/rt0QWKuoPY4lH2UfKF6b
309,영상/디자인・윤동규,"지속가능한 유튜브를 위하여, 가볍게 시작하는 촬영과 편집",409,"309,000원",35%,https://class101.net/products/0ofDird72EX7KEA2VxSu
310,사진/영상・피온 & 와와,환상을 현실로 만드는 기술 : 누구나 멋지게 촬영할 수 있는 코스프레 사진의 세계,408,"239,000원",29%,https://class101.net/products/J0v3vURVPHgRqFSB5LxT
311,영상/디자인・RYU Russell 러셀,"섭스턴스 페인터, 클릭 한 번으로 고퀄리티 3D 완성!",403,"3,520,000원",29%,https://class101.net/products/0bTKRwIRLn6b1xp47FB0
312,데이터/개발・리베하얀,[교재 무료 증정] 커리어 코스 - 리베하얀 프로의 웹 퍼블리셔 양성 과정,398,"266,000원",36%,https://class101.net/products/cuqnpEBt2YMfOQkp9Srw
313,영상/디자인・제이,영상편집 ALL-IN-ONE,394,"219,000원",41%,https://class101.net/products/NrbBnnFXggAakHmMZp8y
314,글쓰기/콘텐츠・지크,평범한 회사원이 조회수 100만의 작가 되는 법,379,"279,000원",28%,https://class101.net/products/AWPp0gVRj2oIeRWOJ0yv
315,영상/디자인・포토홀릭,입문자를 위한 온라인 쇼핑몰 제품 사진 촬영법 A to Z,380,"149,000원",33%,https://class101.net/products/vfU6Ngy8gwmP2MA8vx06
316,비즈니스/생산성・카카오 김진경,전국민을 대상으로 광고하는 법! 카카오톡 비즈보드 광고 세팅 A to Z,380,"279,000원",37%,https://class101.net/products/rGeYJRGZ1HW1Of2K8jEK
317,영상/디자인・NARU,상상을 현실로 만드는 몽환적인 아트워크 만들기,369,"399,000원",37%,https://class101.net/products/kZCas2gW8qenYcGmLVZJ
318,데이터/개발・김경수 컨설턴트,비전공자도 쉽게 배워 바로 써먹는 실무 활용 SQL,376,"189,000원",31%,https://class101.net/products/Rdy01tgOJr6JgM5dTajT
319,부동산/주식/재테크・부자해커,"경쟁 없이 수익내는 부동산, 2개월 만에 경/공매 낙찰 받는 법!",369,"372,300원",22%,https://class101.net/products/A2GelVK2395umPzoEfeL
320,부동산/주식/재테크・해안선,부동산 전문가 해안선의 분양권 투자로 내 집 마련하는 법,352,"169,000원",23%,https://class101.net/products/h8K990eaOU1UisdL4jH4
321,SNS/콘텐츠・이팬치,"나만의 콘텐츠로 월 100만원 평생연금 만들기, 누구나 하실 수 있어요!",355,"189,000원",42%,https://class101.net/products/Ylx6l6Tczx1teeA0RKWB
322,데이터/개발・알파돌,서울대 출신 AI 연구직의 세상에서 제일 쉬운 머신러닝 101,352,"272,700원",30%,https://class101.net/products/sVojNzLEQ2hHM99g8Qun
323,사진/영상・다니엘,"촬영부터 편집까지, 힙하고 감각적인 댄스 영상 제작",346,"300,200원",25%,https://class101.net/products/waZdZ8YMllQDiHVX2HPI
324,비즈니스/생산성・김봉준,"연봉과 만족감을 함께 올리는 방법, '강점'으로 설계하는 일잘러 커리어",344,"420,000원",56%,https://class101.net/products/ydrnpgQaMGjim5O35e5N
325,커리어/기타・전수경,"국내 정상 음악감독, 전수경의 상업 음악 기획부터 실습까지",333,"369,000원",29%,https://class101.net/products/eGdpR2ttgQHkPVEEQHgy
326,커리어/기타・좋은터연구소,"공간에 생기를 더하다! 이사, 건축에 꼭 필요한 풍수 인테리어",330,"189,000원",26%,https://class101.net/products/13E4VQEJSwUhyRbIFQ6p
327,부동산/주식/재테크・김PB,암호화폐에 바로 투자할 수 있습니다. 올바르게 비트코인 투자하기,325,"454,800원",32%,https://class101.net/products/94ActB4yrmehhtV8EU3k
328,창업・벤처캐피탈리스트 제이,"[BEST 선물] 소프트뱅크벤처스 심사역에게 듣는다, 벤처캐피탈101!",325,"272,700원",30%,https://class101.net/products/HQrpOdQLDnL4Pw0OZy36
329,영상/디자인・Anago,CLO 6.0으로 배우는 3D 패션,329,"254,000원",29%,https://class101.net/products/tZU7EB5zjyEoyBg5uWCs
330,부동산/주식/재테크・주식 전업투자자 - 주덕,"월 1,000만원 수익의 증권사 출신 전업 투자자가 알려주는 주식 투자 기법",327,"482,300원",19%,https://class101.net/products/Qh7sxfNGTISLviHlBxJs
331,비즈니스/생산성・퍼스널브랜딩 고수 조연심,"누구에게나 브랜드가 필요한 시대, 조연심의 퍼스널브랜딩 입문 클래스",328,"339,000원",17%,https://class101.net/products/zE1ZRO2Jip1gR9ExFjcs
332,데이터/개발・개발자 라라,10년 차 개발자의 [게임 개발/앱 개발/프로그래밍]을 위한 C/C++ 입문,324,"1,340,000원",43%,https://class101.net/products/kSa7H0nxsl63s7kXAT3D
333,창업・클래스101,[BIG 2] 자청과 이상한 김팀장의 창업부터 마케팅까지!,319,"279,400원",30%,https://class101.net/products/jFDWbyXyao5W5iSsQz1X
334,디지털 드로잉・반다비,"나의 개성과 취향을 듬뿍 담아, 창작 캐릭터 일러스트 그리기",312,"309,000원",35%,https://class101.net/products/VHMdXmmGPKK8hKydIEfw
335,영상/디자인・백구의 3D캘리,뻔한 2D에서 펀한 3D로 가는 백구의 3D마야 캘리그라피,303,"272,700원",30%,https://class101.net/products/KhhRWBy6wp8vXXMd293S
336,커리어/기타・양양이,국제 공인 필라테스 자격증 취득 (PMA-NCPT 자격증),306,"189,000원",31%,https://class101.net/products/oSXuVhROXZ94wmK6u78h
337,데이터/개발・푸,현직 대기업 개발자 푸와 함께하는 진짜 백엔드 시스템 실무!,301,"266,000원",31%,https://class101.net/products/T6HT0bUDKIH1V5i3Ji2M
338,영상/디자인・우돌감독,"현직 광고감독이 알려주는 애프터이펙트 CG, VFX 영상 제작 무작정 따라 하기!",305,"239,000원",29%,https://class101.net/products/kwmtvfe7cRuDHSA91NLE
339,부동산/주식/재테크・골드키,"현직 애널리스트가 알려주는 주식투자, 이건 알고 시작하자",296,"189,000원",37%,https://class101.net/products/h77uV6pbTThj4OXzpFnB
340,커리어/기타・푸드스타일리스트 유한나,현직 16년 차 푸드스타일리스트 유한나와 함께하는 푸드 스타일링 실무,289,"193,000원",32%,https://class101.net/products/jIX9T02jSiSoPBnQqWEV
341,글쓰기/콘텐츠・서은수 작가,내가 만든 스토리와 그림으로 3개월 안에 웹툰 작가 데뷔하기,284,"199,000원",30%,https://class101.net/products/PSlpXWSHMShO7FdDd95C
342,SNS/콘텐츠・다퍼주는남자,신로직(D.I.A 플러스) 네이버 블로그 운영 단 2달만에 월 280만원 만든 방법!,283,"239,000원",37%,https://class101.net/products/c8seZ48pAQM8OE2kV3sO
343,영상/디자인・샤론,아이패드로 쉽게 완성하는 나만의 애니메이션,281,"12,000원",17%,https://class101.net/products/nii423zD9a3G1Ou6L8f5
344,글쓰기/콘텐츠・클래스101,우리는 왜 글을 써야 하는가,277,"398,100원",23%,https://class101.net/products/DVagJxkrzX02e195mNME
345,라이프 스타일・아라,셀프 네일부터 샵 테크닉까지 폴리젤의 모든 것,267,"229,000원",31%,https://class101.net/products/PbEk9KBLSqqXQbHbm1XK
346,SNS/콘텐츠・아바라,디지털노마드맘! 주부n잡러로 월 200버는 부업왕 되기,269,"139,000원",28%,https://class101.net/products/DjDheYAM7TIqplCyCiRI
347,비즈니스/생산성・박정근(Ain),"개발 지식 없어도 OK, 내가 생각하는 앱 서비스 현실화하기",266,"285,100원",30%,https://class101.net/products/TX8KPYb1lr2fA68Akeax
348,운동・수빈샘,수빈샘의 홈 필라테스,253,"259,400원",31%,https://class101.net/products/hMRf5VGQV5ldEqY4MAwb
349,사진/영상・논리정연,인형 사진 찍는 법 초급편 - 폰카보다 못난 내 카메라 구제하기,249,"149,000원",46%,https://class101.net/products/SPeyJfPLXBQPU5NAAgpV
350,데이터/개발・세상의모든코딩,C#으로 시작하는 프로그래밍 입문 & 프로그램 만들기,256,"270,000원",22%,https://class101.net/products/AFvjSgVZ9h9qWZHASOS3
351,부동산/주식/재테크・파이스탁 조대표,파이썬을 이용한 비트코인 자동매매 봇 만들기 풀 패키지,238,"219,000원",41%,https://class101.net/products/w1XbIhbkmACNkmzMD2Km
352,영상/디자인・이응,굿노트 템플릿부터 전자책까지 실용적인 인디자인 입문,240,"1,564,550원",31%,https://class101.net/products/zMIKTJDopKnddwCZmuJn
353,커리어/기타・클래스101,[성공하기] 직장에서 성공하기 - pro답게 일하는 방법,231,"229,000원",34%,https://class101.net/products/fXOkEugfpRPDiuShBhM4
354,커리어/기타・사하라,"[교재 무료 증정] 내가 진짜 하고 싶은 일을 찾는 인생 여행, 라이프 워크",225,500원,79%,https://class101.net/products/eMzhRmPYAZmMalLTl6DT
355,비즈니스/생산성・wacom,[101원] 언택트 시대의 와콤 타블렛 활용법,212,"337,700원",35%,https://class101.net/products/CXiK0oTkrl59Rj6ZEhjJ
356,요리/음료・클마,20년차 커피 트레이너에게 배우는 탄탄한 기본기로 브루잉의 모든 것을 담아낸 클래스,205,"259,000원",38%,https://class101.net/products/XkmhsWLZiKHKJBIKoqmu
357,영상/디자인・융초이,[교재 무료 증정] 똥손도 할 수 있어요! 마야로 쉽게 만드는 귀여운 3D 캐릭터 제작,202,"149,000원",60%,https://class101.net/products/hoUIDk66EaTLUvgyPKVd
358,비즈니스/생산성・엑셀능력자,[업무 능률 2배] 기초부터 고급까지 엑셀 실전 강의,189,"268,700원",31%,https://class101.net/products/27XjxD8ButCvfZ1YuV1k
359,음악・컬처온,[온라인 최초] 피아니스트 김용진의 중급 피아노 인기곡 원포인트 레슨,196,"245,000원",47%,https://class101.net/products/blE1d7msHS6xgeuF9URm
360,데이터/개발・초이스 프로그래밍,"프로그래밍의 기본! C언어와 자료구조, 동시에 입문하기",191,"199,000원",30%,https://class101.net/products/j61wLE6H5huGzsgS3vnY
361,데이터/개발・코드덤,피지컬 컴퓨팅 아두이노로 만드는 5가지 프로젝트!,170,"268,000원",41%,https://class101.net/products/eYBZ84t6NlcSaj7kaiYk
362,부동산/주식/재테크・클래스101,[1+1클래스] 부모와 아이 모두 함께 시작해요! 주식으로 이해하는 경제,166,"169,000원",71%,https://class101.net/products/CQ5gzzKW3EP9QIdmJ0aF
363,데이터/개발・Scalper,바닐라 자바스크립트로 배우는 모던 프론트엔드 실전!,151,"369,000원",100%,https://class101.net/products/k9xWqy3cxkMeOhavGLBZ
364,영상/디자인・진수,"감정과 분위기를 담는 영상편집, 모션그래픽 입문",146,"169,000원",41%,https://class101.net/products/price0Klass12
365,데이터/개발・개발자 사관학교,"[웹 개발자 단과반 2교시] MySQL, Node.js 백엔드 속성 실무!",144,"239,000원",25%,https://class101.net/products/0GHv9wYvBfUXSbdEPS1Q
366,창업・데이먼 최,국내 최초 1등! 요식업 배달 성공 방정식! 아이템부터 초격차 마케팅까지,134,"149,000원",53%,https://class101.net/products/swiCy104cJKb55nooZ27
367,비즈니스/생산성・데이브 진대연,"업무 생산성을 올리는 툴 활용의 모든 것, 틱틱부터 노션까지!",129,"169,000원",29%,https://class101.net/products/WChANA5im9gAA6mV5k24
368,창업・강예진,크라우드펀딩으로 내 브랜드 만들기ㅣA to Z 성공하는 브랜딩 & 펀딩 전략,131,"398,000원",35%,https://class101.net/products/f33EdhRtn9M3g4Mf3zdE
369,온라인쇼핑몰・클래스101,[BIG 2] 스마트스토어와 엣시로 배우는 온라인 셀러 입문!,127,"378,000원",44%,https://class101.net/products/nqu8hkZjt0urrJxLNb4K
370,비즈니스/생산성・클래스101,"[BIG 2] 칼퇴를 부르는 지름길, PPT부터 엑셀까지!",131,"568,000원",53%,https://class101.net/products/MI8ApWec0wcWFFv7kdoK
371,SNS/콘텐츠・클래스101,"[BIG 2] 아이패드로 디자인하고, 디지털 파일 판매까지!",131,"279,400원",30%,https://class101.net/products/HW8Kl1NhkKKiuIJNBfFU
372,음악・제이세라,"가수 제이세라, '1인 엔터테인먼트' 로 성장하는 법",125,"299,000원",33%,https://class101.net/products/JHBN6ZM7CXn1juErPDXa
373,영상/디자인・라울,"뉴욕 현지 건축가에게 배우는 입문자를 위한 건축 모델링,제대로 배워서 포트폴리오 완성하세요",126,"648,000원",54%,https://class101.net/products/mX7s1pDcB9GNTgXLHhDu
374,영상/디자인・클래스101,[BIG 2] 아이패드로 디자인부터 영문 레터링까지!,119,"800,901원",32%,https://class101.net/products/Ue4bMb78gYrovFuHcv9K
375,영상/디자인・클래스101,"[BIG 2] 유잰의 색 감각 키우기부터, 배색 노하우까지!",115,"149,000원",40%,https://class101.net/products/Xb5F9t4wP04XZeA5vlc0
376,데이터/개발・코코,PyTorch로 쉽게 배우는 딥러닝 입문 클래스,111,"12,000원",17%,https://class101.net/products/3z9C8zuWUHUWcjUAHJNh
377,글쓰기/콘텐츠・클래스101,"15분이면 충분해, 재즈",113,"165,000원",40%,https://class101.net/products/ug74HcXDSAbltggLuIB5
378,데이터/개발・짧굵배 딘프리,SNS 서비스 개발로 배우는 자바 웹 프로그래밍 입문!,105,"249,000원",28%,https://class101.net/products/nLTf6U6abiqJp7eFZclT
379,커리어/기타・마케터 정혜윤,"[워크북 제공] 회사 안에서도 밖에서도, 나를 브랜딩하며 독립적으로 일하는 법",107,"12,000원",17%,https://class101.net/products/hgZhjkHZ2KaSwgqi6ZTF
380,글쓰기/콘텐츠・클래스101,평생 써먹는 다이어트 영양학,104,"69,900원",28%,https://class101.net/products/H2rWV6xA5HstqGyMH8AK
381,부동산/주식/재테크・신한금융투자,[MINI] 이제는 전기차 시대! 테슬라는 어떻게 될까?,102,"12,000원",17%,https://class101.net/products/231Y9Tp87jdIGgeGWnmB
382,글쓰기/콘텐츠・클래스101,크리에이티브는 책상에서 나오지 않아,90,"199,000원",40%,https://class101.net/products/nhgaPjyJrEDGgoLNyfBJ
383,부동산/주식/재테크・클래스101,"[Money+ 단독 Edition] 2030, 존리에게 묻다!",84,"149,000원",26%,https://class101.net/products/kXzZVqHj2el2opNl3tQo
384,데이터/개발・워드프레스 튜토리얼,예비/현직 웹 프로그래머를 위한 워드프레스 플러그인 개발!,86,"759,000원",50%,https://class101.net/products/DL0TUq5muAu3DUdXIJ8P
385,커리어/기타・예티튜드 손예진 강사,온라인 클래스 강사되기 A to Z. 당신의 경험이 클래스가 된다.,72,"568,000원",56%,https://class101.net/products/9VX0NaLdkbZkawz7h9M5
386,영상/디자인・클래스101,"[BIG 2] 건축 디자이너에게 배우는 모델링, 렌더링 포토샵, 오토캐드까지 모든 것",73,"398,000원",42%,https://class101.net/products/VLWbNE1yTawYgVlY3mWP
387,영상/디자인・클래스101,[BIG 2] 브랜드 디자인과 디지털 파일 판매로 수익 얻기!,75,"12,000원",17%,https://class101.net/products/Rb5bBboQ6o9mxvIZOiZM
388,온라인쇼핑몰・클래스101,"[BIG 2] 온라인 쇼핑몰 첫걸음, 월100만원 부수익 만들기",61,"738,000원",49%,https://class101.net/products/yVOvPJ5uahmF86jS2jxQ
389,글쓰기/콘텐츠・클래스101,기획자들: 박상영 <대도시의 사랑법> 작가,64,"200,000원",65%,https://class101.net/products/He7Sfh7LcBcoVkc9ul5S
390,사진/영상・클래스101,"[꿀조합 할인🍯] 우리 아이와의 행복한 시간, 잘 찍고 예쁘게 보정해요.",59,"559,000원",26%,https://class101.net/products/9XQ1CrocG4gf4SS76i9K
391,비즈니스/생산성・리모트워크,"원격 근무, 이론부터 실무까지! 원격 근무 솔루션의 모든 것",49,"12,000원",17%,https://class101.net/products/5iAVvWWJx3HGjguNGMva
392,커리어/기타・광성&아키우노TV 박대표,"손쉽게 건물주 되는 법, 소자본으로 부동산 디벨로퍼 시작하기",47,"149,000원",33%,https://class101.net/products/qiHiVIzH6wRthFywaYTO
393,글쓰기/콘텐츠・클래스101,하나도 웃기지 않는 농담,45,"398,000원",27%,https://class101.net/products/68uwDDzDnaE7Kr3rr9tx
394,영상/디자인・태이로와,엔지니어 건축가 시공 전문가들의 필수 과정 오토캐드 2D 입문 클래스,38,"12,000원",17%,https://class101.net/products/FbDL6aSTKIRata31k9U6
395,부동산/주식/재테크・클래스101,[BIG 2] 요즘 핫한 부업! 미국 주식과 스마트스토어 창업!,40,"12,000원",17%,https://class101.net/products/Fq7HJuC1dF6J0TnsEiIk
396,글쓰기/콘텐츠・클래스101,자본주의 비하인더씬,37,"12,000원",17%,https://class101.net/products/iJkTTcpxGwnkS2Ae6UFj
397,글쓰기/콘텐츠・클래스101,유럽 건축사: 로마 vs 비로마,31,"12,000원",17%,https://class101.net/products/AIReEsy8yylhQ61JG6no
398,글쓰기/콘텐츠・클래스101,콘트라스트: 뇌의 시선,31,"1,539,000원",45%,https://class101.net/products/2o6VDYy1CDNajzB2urIG
399,글쓰기/콘텐츠・클래스101,우리는 왜 중독되는가,25,"4,060,800원",74%,https://class101.net/products/27GcfocwgbKI7YqjUjpT
400,온라인쇼핑몰・클래스101,"[BIG 3] 월 1,000만원 만드는 사업 노하우부터 블로그 마케팅 최신 로직까지!",33,"12,000원",17%,https://class101.net/products/zZhsWy7xZGEuJECRmBRL
401,부동산/주식/재테크・클래스101,[주식 올인원패스] BEST 18개 클래스를 한 번에!,23,"12,000원",17%,https://class101.net/products/4avFEV86iW0Qd5tvSVum
402,글쓰기/콘텐츠・클래스101,기획자들: 종합 광고 대행사 <스튜디오좋>,31,"12,000원",17%,https://class101.net/products/gmRRUhYA1uaj7MGX3DDP
403,글쓰기/콘텐츠・클래스101,절망을 그린 낭만주의자들,29,"12,000원",17%,https://class101.net/products/BH6KcWu6vidnnTE1ZIPV
404,글쓰기/콘텐츠・클래스101,포스트 팬데믹: 코로나 이후의 세계,31,"12,000원",17%,https://class101.net/products/PHbdCd6RhBRzw2ULButg
405,글쓰기/콘텐츠・클래스101,"천재, 태어나는가 만들어지는가",16,"12,000원",17%,https://class101.net/products/hnznNugFx0HPWgrqdFBA
406,글쓰기/콘텐츠・클래스101,"셀카의 시대, 초상화를 말하다",18,"12,000원",17%,https://class101.net/products/QU85bfWjeqdPfJwgweZQ
407,글쓰기/콘텐츠・클래스101,젠더: 성역性役을 무너뜨리다,10,"12,000원",17%,https://class101.net/products/Aw8anq4UBOq7fZhZcacy
408,글쓰기/콘텐츠・클래스101,초보 리더를 위한 역사적 지침서,11,"12,000원",17%,https://class101.net/products/Fi5ca5xqfLi6ETkmwE9b
409,글쓰기/콘텐츠・클래스101,인생은 주기율표 맛,10,"12,000원",17%,https://class101.net/products/VZksmDy8Toztd9nNREoN
410,글쓰기/콘텐츠・클래스101,기획자들: 하현종 <SBS 대선 개표 방송> 총 연출,8,"11,000원",5%,https://class101.net/products/FJnCZv9kU4ahZG248IeN
